[
  {
    "line": 1,
    "elements": [
      {
        "start_timestamp": "2020-04-29T02:02:39.700Z",
        "before": [
          {
            "result": {
              "duration": 11203000000,
              "status": "passed"
            },
            "match": {
              "location": "Steps.Hook.InitialiseTest()"
            }
          }
        ],
        "line": 3,
        "name": "order tv",
        "description": "",
        "id": "shopping-for-a-new-tv;order-tv",
        "after": [
          {
            "result": {
              "duration": 625000000,
              "status": "passed"
            },
            "match": {
              "location": "Steps.Hook.TearDownTest(io.cucumber.java.Scenario)"
            }
          }
        ],
        "type": "scenario",
        "keyword": "Scenario",
        "steps": [
          {
            "result": {
              "duration": 6018000000,
              "status": "passed"
            },
            "line": 4,
            "name": "I have launched the shopping App",
            "match": {
              "location": "Steps.Shopping.iHaveLaunchedTheShoppingApp()"
            },
            "keyword": "Given "
          },
          {
            "result": {
              "status": "passed"
            },
            "line": 5,
            "name": "the customer is logged out",
            "match": {
              "location": "Steps.Shopping.theCustomerIsLoggedOut()"
            },
            "keyword": "And "
          },
          {
            "result": {
              "status": "passed"
            },
            "line": 6,
            "name": "I log in the amazon app",
            "match": {
              "location": "Steps.Shopping.ILogInTheAmazonApp()"
            },
            "keyword": "When "
          },
          {
            "result": {
              "duration": 17957000000,
              "status": "passed"
            },
            "line": 7,
            "name": "I search for a 65 inch television",
            "match": {
              "location": "Steps.Shopping.ISearchForA65InchTelevision()"
            },
            "keyword": "And "
          },
          {
            "result": {
              "duration": 15706000000,
              "status": "passed"
            },
            "line": 8,
            "name": "I add that item to the cart",
            "match": {
              "location": "Steps.Shopping.IAddThatItemToTheCart()"
            },
            "keyword": "And "
          },
          {
            "result": {
              "duration": 1765000000,
              "status": "passed"
            },
            "line": 9,
            "name": "I go to shopping cart screen",
            "match": {
              "location": "Steps.Shopping.IGoToShoppingCartScreen()"
            },
            "keyword": "And "
          },
          {
            "result": {
              "status": "passed"
            },
            "line": 10,
            "name": "the product details should be correct",
            "match": {
              "location": "Steps.Shopping.theProductDetailsShouldBeCorrect()"
            },
            "keyword": "Then "
          }
        ]
      }
    ],
    "name": "Shopping for a new tv",
    "description": "",
    "id": "shopping-for-a-new-tv",
    "keyword": "Feature",
    "uri": "file:src/test/java/features/Shopping.feature",
    "tags": []
  }
]